{"accuracy": [0.7092965245246887, 0.8816274404525757, 0.9129810333251953, 0.9272636771202087, 0.9379045367240906, 0.9450032114982605, 0.9521729946136475, 0.9553595781326294, 0.9574649930000305, 0.961505115032196], "loss": [1.0391749143600464, 0.37774884700775146, 0.2757817506790161, 0.22489158809185028, 0.1875150203704834, 0.166808620095253, 0.14567819237709045, 0.1336127370595932, 0.12469767779111862, 0.11563067138195038], "val_accuracy": [0.925165057182312, 0.9470179677009583, 0.9540177583694458, 0.9590257406234741, 0.963862955570221, 0.9653995037078857, 0.9672206044197083, 0.9698953032493591, 0.9699522256851196, 0.9706920385360718], "val_loss": [0.2613833546638489, 0.17467959225177765, 0.1434565782546997, 0.1254756897687912, 0.11248072236776352, 0.10595913231372833, 0.09942176192998886, 0.0918399766087532, 0.08965161442756653, 0.08695831149816513]}